,year,CO2,CH4,N2O,CFC11,CFC12,solaire,chlore,GHG
0,1765,278.0516,721.8941,272.9596,0.0,0.0,1360.6276,480.0,0.0
1,1766,278.1062,722.2557,272.9712,0.0,0.0,1360.5971,480.0,0.01737625867
2,1767,278.2204,722.9708,272.9942,0.0,0.0,1360.8022,480.0,0.0367503356
3,1768,278.3431,723.6679,273.0168,0.0,0.0,1361.0542,480.0,0.0405480889
4,1769,278.4706,724.3431,273.039,0.0,0.0,1361.2383,480.0,0.044165726
5,1770,278.6005,724.9953,273.061,0.0,0.0,1361.2409,480.0,0.0478051493
6,1771,278.7328,725.6289,273.0826,0.0,0.0,1361.1348,480.0,0.0514714977
7,1772,278.8688,726.2496,273.1039,0.0,0.0,1361.0628,480.0,0.055196487
8,1773,279.0091,726.8586,273.1249,0.0,0.0,1360.8446,480.0,0.058989169
9,1774,279.1532,727.4548,273.1456,0.0,0.0,1360.8066,480.0,0.0628419303
10,1775,279.3018,728.037,273.1662,0.0,0.0,1360.6702,480.0,0.0667663941
11,1776,279.4568,728.6039,273.1866,0.0,0.0,1360.7246,480.0,0.070797318
12,1777,279.6181,729.1543,273.2068,0.0,0.0,1360.8858,480.0,0.0749312366
13,1778,279.7819,729.687,273.2268,0.0,0.0,1361.1149,480.0,0.0790959109
14,1779,279.9432,730.2009,273.2466,0.0,0.0,1361.1726,480.0,0.0831925312
15,1780,280.0974,730.6922,273.2665,0.0,0.0,1360.9951,480.0,0.0871316358
16,1781,280.2428,731.1541,273.2862,0.0,0.0,1361.1062,480.0,0.0908743349
17,1782,280.3817,731.5842,273.3059,0.0,0.0,1360.842,480.0,0.0944622317
18,1783,280.5183,731.9889,273.3254,0.0,0.0,1360.7491,480.0,0.0979830365
19,1784,280.6572,732.3776,273.345,0.0,0.0,1360.6177,480.0,0.1015313241
20,1785,280.8026,732.76,273.3646,0.0,0.0,1360.6767,480.0,0.1051976262
21,1786,280.9568,733.1456,273.3843,0.0,0.0,1360.988,480.0,0.1090340122
22,1787,281.1181,733.5441,273.404,0.0,0.0,1361.1529,480.0,0.1130161868
23,1788,281.2819,733.9651,273.4238,0.0,0.0,1361.0995,480.0,0.1170667815
24,1789,281.4432,734.4181,273.4436,0.0,0.0,1361.079,480.0,0.1210973266
25,1790,281.5982,734.9109,273.4636,0.0,0.0,1360.9802,480.0,0.125044493
26,1791,281.7468,735.4454,273.4838,0.0,0.0,1360.8305,480.0,0.1289080591
27,1792,281.8909,736.0182,273.5041,0.0,0.0,1360.8165,480.0,0.1327207312
28,1793,282.0312,736.6257,273.5246,0.0,0.0,1360.7961,480.0,0.1364918252
29,1794,282.1673,737.2648,273.5452,0.0,0.0,1360.7024,480.0,0.1402124405
30,1795,282.299,737.9327,273.5661,0.0,0.0,1360.5857,480.0,0.1438780609
31,1796,282.4268,738.6265,273.5873,0.0,0.0,1360.5561,480.0,0.1474925335
32,1797,282.5509,739.3434,273.6088,0.0,0.0,1360.5032,480.0,0.151059148
33,1798,282.6712,740.0803,273.6305,0.0,0.0,1360.4783,480.0,0.1545722471
34,1799,282.7873,740.8344,273.6525,0.0,0.0,1360.4845,480.0,0.1580218683
35,1800,282.899,741.6081,273.6748,0.0,0.0,1360.5249,480.0,0.1614079336
36,1801,283.0068,742.4133,273.6976,0.0,0.0,1360.7962,480.0,0.1647490566
37,1802,283.1109,743.26,273.7208,0.0,0.0,1360.675,480.0,0.1680612577
38,1803,283.2113,744.1459,273.7443,0.0,0.0,1360.5432,480.0,0.1713387741
39,1804,283.3074,745.0635,273.7683,0.0,0.0,1360.5471,480.0,0.1745655263
40,1805,283.3996,746.0047,273.7927,0.0,0.0,1360.5574,480.0,0.177743338
41,1806,283.4898,746.9619,273.8176,0.0,0.0,1360.4602,480.0,0.180897653
42,1807,283.578,747.9273,273.843,0.0,0.0,1360.3929,480.0,0.1840241359
43,1808,283.6612,748.893,273.8689,0.0,0.0,1360.3678,480.0,0.1870591053
44,1809,283.7351,749.8512,273.8953,0.0,0.0,1360.3401,480.0,0.1899152718
45,1810,283.7968,750.7982,273.9223,0.0,0.0,1360.3315,480.0,0.192531561
46,1811,283.8467,751.739,273.9498,0.0,0.0,1360.3443,480.0,0.1949237972
47,1812,283.8885,752.6816,273.9779,0.0,0.0,1360.385,480.0,0.1971689993
48,1813,283.9261,753.6284,274.0067,0.0,0.0,1360.4335,480.0,0.1993407551
49,1814,283.9627,754.5787,274.036,0.0,0.0,1360.4572,480.0,0.2014987049
50,1815,284.0011,755.5313,274.0661,0.0,0.0,1360.5121,480.0,0.2036974245
51,1816,284.0427,756.4855,274.0967,0.0,0.0,1360.6077,480.0,0.2059613797
52,1817,284.0861,757.4403,274.1281,0.0,0.0,1360.5812,480.0,0.2082647626
53,1818,284.1285,758.3948,274.1602,0.0,0.0,1360.5333,480.0,0.2105515866
54,1819,284.1667,759.3481,274.1931,0.0,0.0,1360.5183,480.0,0.2127608473
55,1820,284.1982,760.2995,274.2266,0.0,0.0,1360.4627,480.0,0.2148481546
56,1821,284.2233,761.2494,274.2609,0.0,0.0,1360.4411,480.0,0.2168176782
57,1822,284.2443,762.1983,274.296,0.0,0.0,1360.4648,480.0,0.2187117006
58,1823,284.2631,763.1468,274.3318,0.0,0.0,1360.4699,480.0,0.2205697494
59,1824,284.2813,764.0953,274.3685,0.0,0.0,1360.5108,480.0,0.2224223498
60,1825,284.3003,765.0439,274.406,0.0,0.0,1360.5839,480.0,0.2242924271
61,1826,284.32,765.993,274.4443,0.0,0.0,1360.6868,480.0,0.2261829385
62,1827,284.34,766.943,274.4835,0.0,0.0,1360.7976,480.0,0.2280843662
63,1828,284.36,767.894,274.5236,0.0,0.0,1360.8848,480.0,0.2299920811
64,1829,284.38,768.8464,274.5646,0.0,0.0,1360.9026,480.0,0.2319064482
65,1830,284.4,769.7984,274.6065,0.0,0.0,1360.9435,480.0,0.233825947
66,1831,284.385,770.745,274.6493,0.0,0.0,1360.779,480.0,0.2350875391
67,1832,284.28,771.6831,274.6931,0.0,0.0,1360.6774,480.0,0.2346530967
68,1833,284.125,772.6154,274.7378,0.0,0.0,1360.5824,480.0,0.2332772908
69,1834,283.975,773.5469,274.7835,0.0,0.0,1360.6177,480.0,0.2319997418
70,1835,283.825,774.4829,274.8302,0.0,0.0,1360.8779,480.0,0.2307309586
71,1836,283.675,775.4284,274.8779,0.0,0.0,1361.2582,480.0,0.2294756673
72,1837,283.525,776.3887,274.9267,0.0,0.0,1361.3313,480.0,0.2282386907
73,1838,283.425,777.3687,274.9765,0.0,0.0,1361.1191,480.0,0.2279692062
74,1839,283.4,778.3737,275.0275,0.0,0.0,1361.037,480.0,0.229144671
75,1840,283.4,779.4118,275.0797,0.0,0.0,1360.9207,480.0,0.2308291594
76,1841,283.425,780.4941,275.1364,0.0,0.0,1360.7696,480.0,0.2330438609
77,1842,283.5,781.624,275.2022,0.0,0.0,1360.7148,480.0,0.2362789336
78,1843,283.6,782.7932,275.2731,0.0,0.0,1360.6447,480.0,0.2400413183
79,1844,283.725,783.9886,275.3371,0.0,0.0,1360.6752,480.0,0.2442776042
80,1845,283.9,785.1973,275.3804,0.0,0.0,1360.8025,480.0,0.2494006334
81,1846,284.075,786.4061,275.3984,0.0,0.0,1360.9004,480.0,0.2544395459
82,1847,284.225,787.6022,275.4013,0.0,0.0,1361.0014,480.0,0.2589471362
83,1848,284.4,788.7725,275.4008,0.0,0.0,1361.1972,480.0,0.2638939118
84,1849,284.575,789.904,275.4003,0.0,0.0,1361.1882,480.0,0.2688098177
85,1850,284.725,790.9792,275.4251,0.0,0.0,1360.9896,480.0,0.2732954072
86,1851,284.875,792.25,275.5,0.0,0.0105,1360.9942,480.1037,0.2781296378
87,1852,285.0,793.75,275.6,0.0,0.0316,1360.9148,480.3111,0.2825231095
88,1853,285.125,795.25,275.7,0.0,0.0527,1360.8053,480.5186,0.2866533925
89,1854,285.275,796.75,275.8,0.0,0.0738,1360.6823,480.7262,0.291250213
90,1855,285.425,798.0,275.9,0.0,0.0948,1360.604,480.9338,0.2956271549
91,1856,285.575,799.25,276.0,0.0,0.1159,1360.6065,481.1412,0.3000012526
92,1857,285.725,800.75,276.1,0.0,0.137,1360.7154,481.3486,0.3045893158
93,1858,285.9,802.25,276.2,0.0,0.1581,1360.9076,481.5562,0.3096422069
94,1859,286.075,803.75,276.3,0.0,0.1791,1361.1247,481.7636,0.3146917793
95,1860,286.225,805.25,276.4,0.0,0.2002,1361.1909,481.971,0.3192701445
96,1861,286.375,806.75,276.5,0.0,0.2213,1361.0818,482.1786,0.3238454457
97,1862,286.5,808.25,276.6,0.0,0.2423,1360.932,482.386,0.3279954724
98,1863,286.625,809.75,276.7,0.0,0.2634,1360.8486,482.5934,0.3321873859
99,1864,286.775,811.25,276.8,0.0,0.2845,1360.7865,482.801,0.3368434325
100,1865,286.9,813.0,276.9,0.0,0.3056,1360.6963,483.0086,0.341244427
101,1866,287.0,814.75,277.0,0.0,0.3266,1360.633,483.216,0.345176274
102,1867,287.1,816.25,277.1,0.0,0.3477,1360.5809,483.4234,0.348891414
103,1868,287.225,817.75,277.2,0.0,0.3688,1360.7401,483.631,0.353070137
104,1869,287.375,819.25,277.3,0.0,0.3898,1360.9756,483.8384,0.357712047
105,1870,287.525,821.0,277.375,0.0,0.4108,1361.2134,484.045,0.362478861
106,1871,287.7,822.75,277.425,0.0,0.4318,1361.1535,484.252,0.367622433
107,1872,287.9,824.25,277.5,0.0,0.453,1361.107,484.46,0.373110462
108,1873,288.125,825.75,277.6,0.0,0.4741,1360.9067,484.668,0.379154772
109,1874,288.4,827.25,277.7,0.0,0.4952,1360.7787,484.876,0.38612228
110,1875,288.7,829.0,277.775,0.0,0.5163,1360.6306,485.084,0.39367382
111,1876,289.025,830.75,277.825,0.0,0.5385,1360.5805,485.302,0.401595962
112,1877,289.4,832.25,277.9,0.0,0.5623,1360.5808,485.536,0.410308229
113,1878,289.8,833.75,278.0,0.0,0.5872,1360.5522,485.782,0.419557404
114,1879,290.225,835.25,278.1,0.0,0.6134,1360.5746,486.04,0.429256011
115,1880,290.7,837.0,278.2,0.0,0.6407,1360.7208,486.308,0.440072979
116,1881,291.2,839.0,278.3,0.0,0.6691,1360.8645,486.588,0.451544261
117,1882,291.675,841.0,278.4,0.0,0.699,1360.8878,486.882,0.462558201
118,1883,292.125,843.0,278.5,0.0,0.73,1360.9347,487.188,0.473116284
119,1884,292.575,844.75,278.6,0.0,0.7623,1360.8369,487.506,0.48345039
120,1885,292.975,846.25,278.7,0.0,0.796,1360.7277,487.838,0.492648417
121,1886,293.3,848.0,278.8,0.0,0.8314,1360.563,488.186,0.500675302
122,1887,293.575,850.0,278.875,0.0,0.8684,1360.5197,488.55,0.507906425
123,1888,293.8,852.0,278.925,0.0,0.907,1360.4844,488.93,0.514135243
124,1889,294.0,854.0,279.0,0.0,0.9472,1360.4561,489.326,0.51998842
125,1890,294.175,856.0,279.1,0.0,0.9892,1360.4906,489.74,0.525467273
126,1891,294.325,858.25,279.2,0.0,1.0331,1360.7411,490.172,0.530694587
127,1892,294.475,860.75,279.3,0.0,1.0788,1360.8393,490.622,0.536189734
128,1893,294.6,863.0,279.375,0.0,1.1267,1360.9798,491.094,0.54100009
129,1894,294.7,865.0,279.425,0.0,1.1769,1361.0748,491.588,0.545061967
130,1895,294.8,867.25,279.475,0.0,1.2291,1360.9589,492.102,0.549327143
131,1896,294.9,869.75,279.525,0.0,1.2835,1360.7786,492.638,0.553795005
132,1897,295.025,872.0,279.6,0.0,1.3406,1360.6337,493.2,0.558592588
133,1898,295.225,874.25,279.675,0.0,1.4001,1360.611,493.786,0.564746337
134,1899,295.5,876.75,279.725,0.0,1.4623,1360.5594,494.398,0.572374147
135,1900,295.8,879.5,279.8,0.0,1.5438,1360.5288,495.038,0.580740888
136,1901,296.125,883.0,279.9,0.0,1.6287,1360.4509,495.704,0.590245433
137,1902,296.475,887.0,280.0,0.0,1.6991,1360.4595,496.38,0.600644942
138,1903,296.825,891.25,280.1,0.0,1.7693,1360.6688,497.052,0.611284852
139,1904,297.2,895.75,280.2,0.0,1.8393,1360.938,497.722,0.622558888
140,1905,297.625,900.25,280.3,0.0,1.9094,1360.7497,498.392,0.634712156
141,1906,298.075,904.75,280.4,0.0,1.9825,1360.9455,499.09,0.64729331
142,1907,298.5,909.25,280.525,0.0,2.0756,1360.8301,499.984,0.659493915
143,1908,298.9,914.0,280.675,0.0,2.186,1360.8949,501.048,0.671513373
144,1909,299.3,919.0,280.825,0.0,2.2967,1360.7847,502.112,0.683709636
145,1910,299.7,923.75,280.975,0.0,2.4074,1360.6519,503.176,0.695685208
146,1911,300.075,928.25,281.125,0.0,2.5181,1360.5686,504.238,0.706995843
147,1912,300.425,933.0,281.3,0.0,2.6332,1360.5224,505.342,0.717938583
148,1913,300.775,938.25,281.475,0.0,2.7956,1360.5389,506.906,0.729083931
149,1914,301.1,943.75,281.625,0.0,2.9904,1360.6056,508.784,0.739884849
150,1915,301.4,949.25,281.8,0.0,3.1118,1360.9091,509.936,0.750280369
151,1916,301.725,954.75,282.0,0.0,3.1699,1361.1184,510.464,0.761162262
152,1917,302.075,960.25,282.225,0.0,3.2832,1361.2668,511.532,0.772567461
153,1918,302.4,966.0,282.475,0.0,3.475,1361.2286,513.372,0.783809155
154,1919,302.7,972.0,282.7,0.0,3.6908,1361.0,515.446,0.794701066
155,1920,303.025,977.75,282.925,0.0,3.9068,1360.8381,517.52,0.80582055
156,1921,303.4,983.25,283.175,0.0,4.1235,1360.7334,519.598,0.817693307
157,1922,303.775,989.0,283.4,0.0,4.3408,1360.6159,521.68,0.829791433
158,1923,304.125,995.0,283.6,0.0,4.5663,1360.6475,523.74,0.841675416
159,1924,304.525,1001.0,283.8,0.0,4.8042,1360.679,525.8,0.85441729
160,1925,304.975,1007.0,284.0,0.0,5.0468,1360.8824,527.88,0.86801254
161,1926,305.4,1013.0,284.225,0.0,5.3094,1360.9831,530.14,0.881231699
162,1927,305.825,1019.0,284.45,0.0,5.592,1361.166,532.58,0.89442948
163,1928,306.3,1025.0,284.625,0.0,5.8763,1361.0441,535.02,0.908306797
164,1929,306.775,1030.75,284.8,0.0,6.1626,1361.0031,537.46,0.92197169
165,1930,307.225,1036.25,284.975,0.0,6.4528,1360.9853,539.92,0.934989836
166,1931,307.7,1041.75,285.125,0.0,6.764,1360.8638,542.38,0.948340368
167,1932,308.175,1047.25,285.3,0.0,7.0794,1360.757,544.8249,0.961683176
168,1933,308.6,1052.75,285.5,0.0,7.3885,1360.6366,547.3345,0.974147168
169,1934,309.0,1058.0,285.7,0.0,7.7612,1360.7482,550.4441,0.98599331
170,1935,309.4,1063.0,285.9,0.0,8.1961,1360.9638,554.1025,0.997656852
171,1936,309.75,1068.0,286.1,0.0,8.6407,1361.3518,557.7747,1.008440341
172,1937,310.0,1073.0,286.275,0.0,9.0957,1361.2864,561.4612,1.017399503
173,1938,310.175,1078.0,286.425,0.0,9.5714,1361.2221,565.1809,1.024973265
174,1939,310.3,1083.0,286.575,0.0035,10.0759,1361.2058,568.9592,1.031682542
175,1940,310.375,1088.25,286.725,0.0105,10.6138,1361.1435,572.8048,1.037708292
176,1941,310.375,1093.75,286.9,0.0173,11.21,1361.0646,576.8996,1.04270963
177,1942,310.3,1099.0,287.1,0.024,11.8751,1360.9618,581.3126,1.047059084
178,1943,310.2,1104.0,287.3,0.0305,12.5962,1360.8046,585.8917,1.051532018
179,1944,310.125,1109.25,287.525,0.0404,13.3708,1360.8344,590.5796,1.056703477
180,1945,310.1,1114.75,287.775,0.0536,14.2202,1361.1004,595.4026,1.063011
181,1946,310.125,1120.5,288.025,0.07,15.2355,1361.1982,600.5938,1.070398346
182,1947,310.2,1126.75,288.275,0.1002,16.6013,1361.4367,606.6776,1.079100553
183,1948,310.325,1133.25,288.525,0.1649,18.4562,1361.5668,614.3877,1.088989216
184,1949,310.5,1140.0,288.775,0.2881,20.6691,1361.4736,623.4086,1.100024958
185,1950,310.75,1147.25,289.0,0.4966,23.2514,1361.2321,635.0773,1.112735381
186,1951,311.1,1155.0,289.2,0.8132,25.9604,1360.9963,647.0694,1.127471804
187,1952,311.5,1163.5,289.425,1.1675,28.4909,1360.9874,656.7255,1.143999489
188,1953,311.925,1172.75,289.675,1.577,31.0611,1360.8487,666.6975,1.161953632
189,1954,312.425,1182.25,289.9,2.149,33.8561,1360.8766,678.074,1.181351061
190,1955,313.0,1192.0,290.125,2.886,36.9951,1360.9971,691.8835,1.202305284
191,1956,313.6,1202.25,290.375,3.795,40.5451,1361.5288,709.0935,1.224228717
192,1957,314.225,1213.0,290.6,4.921,44.5653,1361.8848,729.367,1.246977412
193,1958,314.8475,1224.0,290.825,6.2365,49.089,1361.8496,752.0925,1.269998893
194,1959,315.5,1235.25,291.1,7.557,53.9947,1361.6005,776.2355,1.293920551
195,1960,316.2725,1247.0,291.4,8.8185,59.2877,1361.4947,801.5365,1.320328777
196,1961,317.075,1259.25,291.675,10.2955,65.2439,1361.1392,829.4375,1.347678266
197,1962,317.795,1272.0,291.925,12.235,71.9392,1360.9683,860.5255,1.374746278
198,1963,318.3975,1285.0,292.225,14.715,79.4469,1360.9164,895.3065,1.401079451
199,1964,318.925,1298.25,292.6,17.795,88.0742,1360.9177,934.3625,1.426997797
200,1965,319.6475,1312.0,293.0,21.495,97.9439,1360.954,977.722,1.457063661
201,1966,320.6475,1326.0,293.4,25.775,109.0033,1361.1371,1025.4755,1.492365691
202,1967,321.605,1340.25,293.8,30.575,121.3106,1361.3329,1078.0935,1.52754113
203,1968,322.635,1355.0,294.225,35.955,135.0808,1361.3828,1136.613,1.56481296
204,1969,323.9025,1370.25,294.7,42.05,150.4574,1361.4657,1201.3255,1.607065344
205,1970,324.985,1385.75,295.2,49.05,167.4217,1361.4608,1272.3775,1.647103473
206,1971,325.855,1401.25,295.7,57.065,185.8539,1361.1771,1348.9615,1.684243064
207,1972,327.14,1417.0,296.225,65.965,205.6585,1361.2713,1430.984,1.729187755
208,1973,328.6775,1433.0,296.8,75.835,227.1542,1361.0188,1521.2795,1.779447378
209,1974,329.7425,1449.0,297.4,87.04,250.8463,1360.9471,1622.8305,1.822980051
210,1975,330.585,1465.0,298.0,99.56,276.6397,1360.7551,1734.698,1.863779627
211,1976,331.7475,1481.0,298.65,112.3,303.011,1360.8655,1847.4775,1.910044349
212,1977,333.2725,1497.25,299.36,124.7,329.1214,1361.0527,1959.7305,1.962178885
213,1978,334.8475,1513.75,300.0825,136.7,355.2836,1361.4927,2075.81,2.015048145
214,1979,336.525,1530.25,300.74,148.8,381.9794,1361.8516,2200.2295,2.069335064
215,1980,338.36,1547.75,301.3825,159.4,407.1158,1361.8649,2313.149,2.12527469898
216,1981,339.7275,1566.75,302.22,168.55,432.2755,1361.9117,2414.748,2.1740642624
217,1982,340.7925,1586.25,303.0975,177.85,457.9873,1361.5039,2514.2995,2.2169594071
218,1983,342.1975,1605.845,303.805,185.8,482.6038,1361.4175,2602.244,2.2627804693
219,1984,343.7825,1623.705,304.3975,193.75,508.3537,1361.03,2694.6775,2.3100081769
220,1985,345.2825,1637.9925,305.0875,202.85,536.0746,1360.8619,2797.429,2.354686835
221,1986,346.7975,1650.435,305.7725,212.1,563.3888,1360.8582,2895.1645,2.398310202
222,1987,348.645,1662.2,306.2625,222.8,592.219,1361.0096,2997.0255,2.446248222
223,1988,350.7375,1673.07,307.195,234.9,624.5785,1361.3013,3116.5455,2.499442041
224,1989,352.4875,1683.47,308.5075,244.9,658.6546,1361.8646,3236.3785,2.548036626
225,1990,353.855,1693.63,309.485,252.75,689.8661,1361.7704,3335.887,2.587428157
226,1991,355.0175,1703.8175,310.1125,260.15,717.9449,1361.6631,3429.1395,2.620125272
227,1992,355.885,1711.8,310.6025,264.95,743.5493,1361.52,3504.985,2.643192793
228,1993,356.7775,1716.29,311.0775,267.75,763.6356,1361.2475,3550.2125,2.661519215
229,1994,358.1275,1721.0125,311.6025,269.5,778.6722,1361.0168,3570.618,2.684967901
230,1995,359.8375,1726.35,312.295,269.5,790.0303,1360.9197,3562.1235,2.713896296
231,1996,361.4625,1730.01,313.0475,268.95,800.8993,1360.8325,3544.894,2.74240182
232,1997,363.155,1734.8175,313.76,268.2,810.426,1360.9598,3520.0685,2.773359267
233,1998,365.3225,1742.71,314.5325,266.95,817.834,1361.3207,3487.296,2.814013538
234,1999,367.3475,1749.2425,315.2575,265.2,825.4301,1361.6028,3456.543,2.852900402
235,2000,368.865,1751.0225,315.85,263.45,833.277,1361.9002,3429.2885,2.882105352
236,2001,370.4675,1750.7075,316.4875,261.9,840.7394,1361.8191,3404.8075,2.910963111
237,2002,372.5225,1752.1875,317.245,260.1,848.7463,1361.8973,3382.671,2.947853613
238,2003,374.76,1754.76,318.0175,257.95,855.8675,1361.4482,3360.2005,2.988453265
239,2004,376.8125,1755.065,318.71,256.05,862.18,1361.2668,3339.28,3.025031677
240,2005,378.8125,1753.735,319.44,254.1,868.4492,1361.074,3319.54,3.059626042
241,2006,380.8275,1754.512,320.1997,251.3,873.6924,1361.0304,3296.965,3.094353788
242,2007,382.7775,1758.046,320.8954,247.95,878.7803,1360.944,3272.8735,3.128716392
243,2008,384.8,1763.4195,321.6042,244.6,884.5811,1360.9119,3249.8065,3.16517457
244,2009,387.0123,1770.4425,322.3262,241.0256,890.7783,1360.8325,3225.7867,3.205264366
245,2010,389.3242,1778.6749,323.0611,237.2745,897.4116,1360.9598,3200.6922,3.247317052
246,2011,391.638,1788.0274,323.8091,233.5203,904.4452,1361.3207,3175.349,3.289667945
247,2012,394.0087,1798.6137,324.5752,229.7696,911.717,1361.6028,3149.6633,3.334114251
248,2013,396.4638,1810.5166,325.3642,226.0299,919.1132,1361.9002,3123.8297,3.380866042
249,2014,399.004,1823.6553,326.1758,222.3072,926.6053,1361.8191,3097.7849,3.428968105
250,2015,401.6279,1837.9657,327.0101,218.6081,934.1743,1361.8973,3071.4968,3.478570305
251,2016,404.3282,1853.3544,327.8668,214.9345,941.7632,1361.4482,3044.4686,3.529519141
252,2017,407.0959,1869.7086,328.7458,211.2849,949.3851,1361.2668,3017.1665,3.58162994
253,2018,409.927,1886.932,329.6469,207.6586,957.0723,1361.074,2990.4681,3.634787713
254,2019,412.8215,1904.9443,330.5698,204.0561,964.7756,1361.0304,2964.2486,3.689357569
255,2020,415.7802,1923.671,331.5144,200.478,972.4591,1360.944,2938.411,3.744919904
256,2021,418.7963,1942.9669,332.4805,196.9162,980.0734,1360.9119,2912.8045,3.80073815
257,2022,421.8644,1962.6522,333.466,193.3665,987.4355,1360.8325,2887.3314,3.856052413
258,2023,424.9947,1982.667,334.4689,189.836,994.4184,1360.9598,2862.0131,3.910976296
259,2024,428.1973,2003.0226,335.4889,186.3305,1001.0623,1361.3207,2836.8635,3.966514497
260,2025,431.4747,2023.7269,336.526,182.8551,1007.4046,1361.6028,2811.899,4.022699685
261,2026,434.8262,2044.7958,337.5798,179.415,1013.4832,1361.9002,2787.1468,4.079514179
262,2027,438.2446,2066.2057,338.6503,176.0117,1019.323,1361.8191,2762.6028,4.136847925
263,2028,441.7208,2087.9036,339.7373,172.6434,1024.938,1361.8973,2738.2401,4.194554017
264,2029,445.2509,2109.849,340.8406,169.3095,1030.3438,1361.4482,2714.0438,4.252555205
265,2030,448.8349,2132.0135,341.9601,166.0102,1035.5583,1361.2668,2690.0101,4.310838185
266,2031,452.4736,2154.3675,343.0957,162.7452,1040.5964,1361.074,2666.1352,4.3693970749
267,2032,456.177,2177.3915,344.2474,159.5076,1045.2489,1361.0304,2642.1471,4.4276312833
268,2033,459.964,2201.5638,345.4153,156.2934,1049.2261,1360.944,2617.6308,4.4858741829
269,2034,463.8518,2226.8476,346.5995,153.1084,1052.3996,1360.9119,2592.3283,4.5451045531
270,2035,467.85,2253.1982,347.7996,149.9568,1054.6739,1360.8325,2566.038,4.6053574951
271,2036,471.9605,2280.5735,349.0155,146.8423,1055.9825,1360.9598,2538.6109,4.6665815304
272,2037,476.1824,2308.9451,350.2471,143.7688,1056.2863,1361.3207,2509.9489,4.7287037157
273,2038,480.508,2338.2441,351.4943,140.7372,1055.5536,1361.6028,2479.9618,4.7915628501
274,2039,484.9272,2368.3713,352.7569,137.7456,1053.7592,1361.9002,2448.5679,4.8549637268
275,2040,489.4355,2399.2445,354.0348,134.7932,1050.8945,1361.8191,2415.7191,4.9187877899
276,2041,494.0324,2430.7994,355.3277,131.8798,1046.965,1361.8973,2381.3967,4.9829820751
277,2042,498.7297,2463.0464,356.6307,129.0054,1042.0363,1361.4482,2345.8176,5.0478834495
278,2043,503.5296,2495.8939,357.9385,126.1646,1036.2704,1361.2668,2309.3379,5.1134821
279,2044,508.4327,2529.2211,359.2511,123.3541,1029.8843,1361.074,2272.2705,5.17954677176
280,2045,513.4561,2563.0514,360.5682,120.578,1023.0892,1361.0304,2234.9406,5.24630620161
281,2046,518.6106,2597.397,361.8897,117.8398,1016.0578,1360.944,2197.6126,5.31389687961
282,2047,523.9001,2632.2674,363.2157,115.142,1008.9322,1360.9119,2160.5017,5.38236847663
283,2048,529.3242,2667.6834,364.5461,112.4876,1001.8312,1360.8325,2123.7881,5.451717419172
284,2049,534.8752,2703.6131,365.8807,109.8769,994.8406,1360.9598,2087.5956,5.5218409566159
285,2050,540.5428,2739.9847,367.2197,107.3084,988.0196,1361.3207,2052.0037,5.5926365
286,2051,546.322,2776.7447,368.5628,104.781,981.4165,1361.6028,2017.0768,5.66406328
287,2052,552.2119,2813.242,369.9087,102.2948,975.074,1361.9002,1982.862,5.73614814
288,2053,558.2122,2848.8704,371.2557,99.8493,969.0187,1361.8191,1949.3905,5.80863218
289,2054,564.3131,2883.5673,372.604,97.4402,963.2392,1361.8973,1916.6475,5.88107095
290,2055,570.5167,2917.3139,373.9533,95.0645,957.7293,1361.4482,1884.6257,5.95346444
291,2056,576.8434,2950.2507,375.3038,92.7255,952.5093,1361.2668,1853.3645,6.02605699
292,2057,583.3047,2982.4981,376.6553,90.4255,947.5935,1361.074,1822.89,6.09898969
293,2058,589.9054,3014.164,378.0079,88.1663,942.9911,1361.0304,1793.2187,6.17233195
294,2059,596.6466,3045.3612,379.3615,85.9502,938.7108,1360.944,1764.3636,6.24611811
295,2060,603.5204,3076.1345,380.7161,83.777,934.7484,1360.9119,1736.3154,6.32027246
296,2061,610.5165,3106.4763,382.0718,81.6453,931.0897,1360.8325,1709.0488,6.39467395
297,2062,617.6053,3135.8246,383.4273,79.5542,927.7226,1360.9598,1682.5402,6.46894557
298,2063,624.7637,3163.6749,384.7817,77.5031,924.6345,1361.3207,1656.7687,6.54268597
299,2064,631.9947,3190.1288,386.1348,75.4916,921.8112,1361.6028,1631.7123,6.61584511
300,2065,639.2905,3215.1494,387.4866,73.5159,919.2185,1361.9002,1607.3196,6.6883356
301,2066,646.6527,3238.7451,388.8372,71.5739,916.8309,1361.8191,1583.5513,6.76016951
302,2067,654.0984,3261.1038,390.1866,69.6675,914.6515,1361.8973,1560.4087,6.83156219
303,2068,661.6449,3282.3905,391.5347,67.7986,912.6813,1361.4482,1537.8892,6.90271364
304,2069,669.3047,3302.7529,392.8816,65.9683,910.9201,1361.2668,1515.9871,6.97377207
305,2070,677.0776,3322.3407,394.2272,64.178,909.3694,1361.074,1494.698,7.04477994
306,2071,684.9543,3341.2273,395.5716,62.4275,908.0204,1361.0304,1474.0037,7.11567757
307,2072,692.902,3359.5415,396.9159,60.7156,906.8435,1360.944,1453.8764,7.18632312
308,2073,700.8942,3377.4134,398.261,59.0412,905.8129,1360.9119,1434.2916,7.25655465
309,2074,708.9316,3394.863,399.6071,57.4036,904.9214,1360.8325,1415.2285,7.3263085
310,2075,717.0155,3411.9104,400.954,55.8022,904.1617,1360.9598,1396.6675,7.39560452
311,2076,725.136,3428.4336,402.3018,54.2341,903.5074,1361.3207,1378.5679,7.4643225
312,2077,733.3067,3444.364,403.6505,52.6973,902.9393,1361.6028,1360.8982,7.53253687
313,2078,741.5237,3459.8338,405.0001,51.1931,902.466,1361.9002,1343.6586,7.60027641
314,2079,749.8047,3474.9586,406.3506,49.7227,902.0942,1361.8191,1326.8477,7.66771295
315,2080,758.1823,3489.8387,407.7019,48.2866,901.8292,1361.8973,1310.4616,7.7351175
316,2081,766.6445,3504.576,409.0541,46.8858,901.677,1361.4482,1294.4973,7.80243619
317,2082,775.1745,3519.3467,410.4083,45.5196,901.6158,1361.2668,1278.9416,7.86947627
318,2083,783.7514,3534.256,411.7658,44.1868,901.619,1361.074,1263.7742,7.93612662
319,2084,792.3658,3549.2595,413.1265,42.8864,901.6826,1361.0304,1248.9777,8.00243919
320,2085,801.0188,3564.3348,414.4904,41.6178,901.8046,1360.944,1234.5382,8.06841855
321,2086,809.7146,3579.4623,415.8575,40.3803,901.9832,1360.9119,1220.4424,8.13409007
322,2087,818.4221,3594.4751,417.2278,39.1716,902.1968,1360.8325,1206.6611,8.19918927
323,2088,827.1572,3609.2644,418.6012,37.99,902.4309,1360.9598,1193.172,8.26378421
324,2089,835.9559,3623.9383,419.9777,36.8362,902.6979,1361.3207,1179.9771,8.32815755
325,2090,844.8047,3638.5919,421.3573,35.711,903.0087,1361.6028,1167.0774,8.39225917
326,2091,853.7254,3653.3103,422.74,34.6147,903.373,1361.9002,1154.4727,8.45626031
327,2092,862.726,3667.6148,424.1231,33.5478,903.8247,1361.8191,1142.1641,8.52025687
328,2093,871.7768,3680.9857,425.5039,32.5101,904.3837,1361.8973,1130.1444,8.58388307
329,2094,880.8643,3693.4499,426.8825,31.5003,905.0348,1361.4482,1118.4002,8.64685777
330,2095,889.9816,3705.0444,428.2588,30.5177,905.7655,1361.2668,1106.9199,8.70915415
331,2096,899.1241,3715.8238,429.6329,29.5616,906.5671,1361.074,1095.6944,8.77076862
332,2097,908.2887,3725.8411,431.0046,28.6313,907.4317,1361.0304,1084.7155,8.83170762
333,2098,917.4714,3734.9887,432.374,27.7251,908.3332,1360.944,1073.9623,8.89190949
334,2099,926.6653,3743.2127,433.7412,26.8415,909.2527,1360.9119,1063.4189,8.9513196
335,2100,935.8744,3750.6846,435.1062,25.9811,910.1989,1360.8325,1053.0887,9.01003163
336,2101,945.1321,3757.5653,436.4689,25.1442,911.1808,1360.9598,1042.9741,9.06830107
337,2102,954.4662,3763.718,437.8244,24.3309,912.1296,1361.3207,1033.0768,9.12648159
338,2103,963.8391,3769.0269,439.1677,23.5415,912.981,1361.6028,1023.399,9.18429077
339,2104,973.2408,3773.5841,440.4988,22.7756,913.7408,1361.9002,1013.9362,9.24143286
340,2105,982.6804,3777.4049,441.8177,22.0322,914.4065,1361.8191,1004.6791,9.29796797
341,2106,992.1429,3780.5142,443.1245,21.3105,914.9781,1361.8973,995.6198,9.35382787
342,2107,1001.6311,3782.9561,444.4193,20.6101,915.4579,1361.4482,986.7521,9.40904974
343,2108,1011.1191,3784.775,445.7021,19.9302,915.8493,1361.2668,978.0703,9.4635185
344,2109,1020.6085,3785.8519,446.9731,19.2696,916.1367,1361.074,969.5591,9.51720591
345,2110,1030.1004,3786.1221,448.2323,18.627,916.3107,1361.0304,961.2067,9.57010213
346,2111,1039.5892,3785.7534,449.48,18.0028,916.3896,1360.944,953.0162,9.62224903
347,2112,1049.1233,3784.9031,450.7161,17.397,916.3909,1360.9119,944.9903,9.67396149
348,2113,1058.7002,3783.7055,451.9409,16.8097,916.3302,1360.8325,937.1306,9.72528122
349,2114,1068.3216,3782.297,453.1543,16.2408,916.2241,1360.9598,929.4391,9.77626863
350,2115,1077.9995,3780.7222,454.3565,15.69,916.0789,1361.3207,921.913,9.82700493
351,2116,1087.6999,3778.9487,455.5476,15.1565,915.892,1361.6028,914.5454,9.87731005
352,2117,1097.4303,3776.957,456.7278,14.6398,915.6621,1361.9002,907.3303,9.92721825
353,2118,1107.1765,3774.7511,457.897,14.1392,915.391,1361.8191,900.2633,9.97666797
354,2119,1116.9122,3772.3388,459.0555,13.6543,915.0805,1361.8973,893.3402,10.02554096
355,2120,1126.6592,3769.5675,460.2032,13.184,914.7138,1361.4482,886.5494,10.0738914
356,2121,1136.4015,3766.3392,461.3403,12.7275,914.2801,1361.2668,879.8816,10.12161459
357,2122,1146.1344,3762.7938,462.467,12.2849,913.7956,1361.074,873.3396,10.16874682
358,2123,1155.9064,3759.0657,463.5832,11.8562,913.2766,1361.0304,866.9258,10.21557215
359,2124,1165.7401,3755.2678,464.6891,11.4413,912.7369,1360.944,860.6418,10.26224054
360,2125,1175.6176,3751.5152,465.7848,11.0401,912.1913,1360.9119,854.4894,10.30871339
361,2126,1185.5295,3747.8324,466.8703,10.6524,911.6443,1360.8325,848.4667,10.35496
362,2127,1195.4833,3744.1677,467.9458,10.2775,911.0916,1360.9598,842.5683,10.40099716
363,2128,1205.4772,3740.4818,469.0114,9.915,910.5303,1361.3207,836.7898,10.44680431
364,2129,1215.4661,3736.761,470.0671,9.5645,909.9601,1361.6028,831.1277,10.49218151
365,2130,1225.453,3732.9982,471.1131,9.2255,909.3813,1361.9002,825.579,10.53714381
366,2131,1235.4493,3729.0271,472.1494,8.8973,908.7759,1361.8191,820.1345,10.58168609
367,2132,1245.419,3724.7357,473.176,8.5793,908.1315,1361.8973,814.7871,10.62561481
368,2133,1255.397,3720.2514,474.1932,8.2714,907.4627,1361.4482,809.5391,10.66913559
369,2134,1265.4211,3715.7001,475.201,7.9737,906.784,1361.2668,804.3924,10.71246201
370,2135,1275.4843,3711.1863,476.1995,7.686,906.1083,1361.074,799.3484,10.75560442
371,2136,1285.5943,3706.8175,477.1887,7.4083,905.4488,1361.0304,794.4088,10.79863745
372,2137,1295.7632,3702.6108,478.1688,7.1403,904.8088,1360.944,789.572,10.84162064
373,2138,1305.9625,3698.5055,479.1397,6.8816,904.183,1360.9119,784.8341,10.88441362
374,2139,1316.1708,3694.454,480.1017,6.6317,903.567,1360.8325,780.1914,10.92691411
375,2140,1326.3936,3690.4353,481.0548,6.3905,902.9595,1360.9598,775.6412,10.96914124
376,2141,1336.6283,3686.4355,481.9991,6.1576,902.3597,1361.3207,771.1813,11.01108278
377,2142,1346.8594,3682.2832,482.9346,5.9324,901.749,1361.6028,766.8044,11.0526163
378,2143,1357.0727,3677.8602,483.8615,5.7145,901.114,1361.9002,762.505,11.09364612
379,2144,1367.2797,3673.2877,484.7797,5.5038,900.4681,1361.8191,758.2845,11.13426911
380,2145,1377.5097,3668.6894,485.6895,5.3004,899.825,1361.8973,754.1449,11.17465139
381,2146,1387.793,3664.168,486.5908,5.1041,899.1968,1361.4482,750.0875,11.21495222
382,2147,1398.1376,3659.8281,487.4838,4.9148,898.5957,1361.2668,746.1134,11.25524309
383,2148,1408.5226,3655.6842,488.3686,4.7324,898.0245,1361.074,742.2217,11.29544933
384,2149,1418.9467,3651.6726,489.2451,4.5566,897.4772,1361.0304,738.4092,11.33554223
385,2150,1429.3969,3647.7413,490.1135,4.387,896.9488,1360.944,734.6729,11.3754571
386,2151,1439.8354,3643.8653,490.9738,4.2235,896.4371,1360.9119,731.0108,11.41504471
387,2152,1450.2111,3640.057,491.8236,4.0658,895.9381,1360.8325,727.421,11.45412018
388,2153,1460.4793,3636.1713,492.6603,3.9136,895.4304,1360.9598,723.8978,11.49246233
389,2154,1470.5915,3632.0838,493.484,3.7664,894.9001,1361.3207,720.4367,11.52986186
390,2155,1480.5564,3627.9101,494.2948,3.6243,894.3593,1361.6028,717.0391,11.56640623
391,2156,1490.4552,3623.7717,495.0927,3.4873,893.8213,1361.9002,713.7066,11.60245049
392,2157,1500.2994,3619.7692,495.8779,3.3552,893.2974,1361.8191,710.4403,11.63808182
393,2158,1510.0573,3616.0047,496.6505,3.2281,892.7994,1361.8973,707.2411,11.67323556
394,2159,1519.7332,3612.4911,497.4106,3.1057,892.3296,1361.4482,704.1084,11.70794092
395,2160,1529.3276,3609.1618,498.1583,2.9879,891.8815,1361.2668,701.0396,11.74218189
396,2161,1538.8274,3605.9611,498.8938,2.8744,891.4497,1361.074,698.0325,11.7759024
397,2162,1548.2214,3602.8606,499.6171,2.7651,891.0313,1361.0304,695.0855,11.80905988
398,2163,1557.5025,3599.8406,500.3283,2.6598,890.6245,1360.944,692.1969,11.84163355
399,2164,1566.6838,3596.7269,501.0276,2.5583,890.2104,1360.9119,689.3623,11.87361046
400,2165,1575.7093,3593.3957,501.7151,2.4603,889.7751,1360.8325,686.5782,11.90476124
401,2166,1584.5792,3589.9621,502.3909,2.3658,889.3301,1360.9598,683.8456,11.93514042
402,2167,1593.389,3586.5497,503.0551,2.2748,888.8885,1361.3207,681.1655,11.96512832
403,2168,1602.1444,3583.2613,503.7077,2.1871,888.4614,1361.6028,678.5389,11.99478838
404,2169,1610.8232,3580.2003,504.349,2.1028,888.0603,1361.9002,675.9667,12.02409414
405,2170,1619.4189,3577.3804,504.979,2.0218,887.6873,1361.8191,673.4482,12.0530329
406,2171,1627.9283,3574.7354,505.5978,1.9439,887.3358,1361.8973,670.9813,12.08157759
407,2172,1636.3423,3572.209,506.2055,1.8689,887.0002,1361.4482,668.5645,12.10968205
408,2173,1644.6544,3569.7719,506.8023,1.7967,886.6776,1361.2668,666.1961,12.13732163
409,2174,1652.8621,3567.404,507.3882,1.7273,886.3659,1361.074,663.8749,12.16448547
410,2175,1660.9472,3564.9323,507.9633,1.6604,886.0462,1361.0304,661.5974,12.19105561
411,2176,1668.8714,3562.2328,508.5277,1.596,885.7048,1360.944,659.3607,12.21686963
412,2177,1676.6491,3559.4204,509.0815,1.5338,885.3528,1360.9119,657.1657,12.24202409
413,2178,1684.3479,3556.6198,509.6249,1.474,885.0032,1360.8325,655.0131,12.26679148
414,2179,1691.9855,3553.935,510.1579,1.4165,884.6668,1360.9598,652.9036,12.29127141
415,2180,1699.5543,3551.4703,510.6806,1.3613,884.3549,1361.3207,650.838,12.31548457
416,2181,1707.0542,3549.2396,511.1931,1.3082,884.0698,1361.6028,648.8158,12.33944025
417,2182,1714.4671,3547.1764,511.6955,1.2572,883.8045,1361.9002,646.8352,12.36306133
418,2183,1721.7857,3545.2234,512.188,1.2082,883.5536,1361.8191,644.8949,12.38630753
419,2184,1728.9986,3543.3509,512.6705,1.161,883.3137,1361.8973,642.9937,12.40913712
420,2185,1736.073,3541.5386,513.1432,1.1157,883.0829,1361.4482,641.1304,12.43144522
421,2186,1743.0204,3539.6146,513.6061,1.0721,882.8425,1361.2668,639.3025,12.45320789
422,2187,1749.8272,3537.4557,514.0594,1.0301,882.5788,1361.074,637.5074,12.4743407
423,2188,1756.4845,3535.1761,514.5032,0.9896,882.3029,1361.0304,635.7459,12.49486623
424,2189,1763.0469,3532.9015,514.9376,0.9507,882.0275,1360.944,634.0186,12.51500511
425,2190,1769.542,3530.7365,515.3625,0.9133,881.7634,1360.9119,632.3259,12.53488407
426,2191,1775.972,3528.7856,515.7782,0.8774,881.5218,1360.8325,630.6686,12.55455484
427,2192,1782.3281,3527.0624,516.1847,0.8429,881.3046,1360.9598,629.0461,12.57399869
428,2193,1788.5985,3525.5001,516.582,0.8098,881.1051,1361.3207,627.4572,12.59315744
429,2194,1794.7605,3524.0409,516.9704,0.7781,880.9177,1361.6028,625.9007,12.61194574
430,2195,1800.7999,3522.655,517.3497,0.7475,880.7392,1361.9002,624.3755,12.63031181
431,2196,1806.7334,3521.3221,517.7203,0.7182,880.5673,1361.8191,622.8809,12.64830379
432,2197,1812.5201,3519.8709,518.082,0.69,880.3839,1361.8973,621.4147,12.66573671
433,2198,1818.1423,3518.1791,518.4351,0.6628,880.1754,1361.4482,619.975,12.68251617
434,2199,1823.6498,3516.3611,518.7795,0.6366,879.9528,1361.2668,618.5621,12.69883584
435,2200,1829.0556,3514.5423,519.1154,0.6115,879.7284,1361.074,617.1767,12.71478835
436,2201,1834.3733,3512.8271,519.4428,0.5873,879.5131,1361.0304,615.8193,12.73045446
437,2202,1839.6122,3511.319,519.7619,0.5641,879.3177,1360.944,614.4901,12.74590483
438,2203,1844.7812,3510.0312,520.0727,0.5419,879.1442,1360.9119,613.1889,12.76117471
439,2204,1849.8682,3508.8966,520.3752,0.5205,878.9859,1360.8325,611.9145,12.77620383
440,2205,1854.849,3507.8575,520.6696,0.5,878.8371,1360.9598,610.666,12.79090186
441,2206,1859.7106,3506.884,520.9559,0.4803,878.6947,1361.3207,609.4427,12.80522398
442,2207,1864.4469,3505.9561,521.2342,0.4614,878.5564,1361.6028,608.2439,12.81914835
443,2208,1869.0362,3504.9031,521.5046,0.4432,878.4044,1361.9002,607.0679,12.83254802
444,2209,1873.4672,3503.6035,521.7672,0.4257,878.2251,1361.8191,605.913,12.84534762
445,2210,1877.784,3502.1725,522.0219,0.4089,878.0296,1361.8973,604.7798,12.85771991
446,2211,1881.9947,3500.7361,522.269,0.3927,877.8302,1361.4482,603.6685,12.86974066
447,2212,1886.1097,3499.3992,522.5085,0.3772,877.6377,1361.2668,602.5796,12.88148166
448,2213,1890.1554,3498.2652,522.7403,0.3623,877.4629,1361.074,601.5134,12.89305961
449,2214,1894.1313,3497.3468,522.9647,0.348,877.3076,1361.0304,600.4695,12.90448071
450,2215,1898.0123,3496.5767,523.1817,0.3343,877.1653,1360.944,599.4471,12.91564866
451,2216,1901.7766,3495.8972,523.3913,0.3211,877.0302,1360.9119,598.4455,12.92648209
452,2217,1905.4235,3495.2788,523.5936,0.3085,876.8993,1360.8325,597.464,12.93697022
453,2218,1908.9603,3494.7016,523.7887,0.2963,876.7705,1360.9598,596.5021,12.94712819
454,2219,1912.3445,3493.9957,523.9767,0.2847,876.626,1361.3207,595.5584,12.9567711
455,2220,1915.5465,3493.0404,524.1576,0.2734,876.4525,1361.6028,594.6317,12.96577366
456,2221,1918.6217,3491.952,524.3314,0.2626,876.2611,1361.9002,593.7223,12.97433674
457,2222,1921.6126,3490.8566,524.4983,0.2522,876.0642,1361.8191,592.8304,12.98262913
458,2223,1924.5227,3489.8584,524.6584,0.2423,875.8723,1361.8973,591.9565,12.99070361
459,2224,1927.352,3489.0597,524.8116,0.2327,875.6961,1361.4482,591.1007,12.99860077
460,2225,1930.1,3488.4727,524.958,0.2236,875.5373,1361.2668,590.2628,13.00632576
461,2226,1932.7513,3488.0301,525.0978,0.2148,875.3895,1361.074,589.4421,13.01381027
462,2227,1935.2926,3487.6744,525.2309,0.2064,875.247,1361.0304,588.6379,13.02099692
463,2228,1937.7127,3487.376,525.3574,0.1983,875.1068,1360.944,587.8499,13.02784395
464,2229,1940.0103,3487.115,525.4774,0.1905,874.9668,1360.9119,587.0775,13.03434247
465,2230,1942.1583,3486.7224,525.591,0.1831,874.8095,1360.8325,586.3197,13.04035266
466,2231,1944.1572,3486.0784,525.6982,0.1759,874.6217,1360.9598,585.5754,13.04583127
467,2232,1946.0278,3485.2991,525.799,0.169,874.4144,1361.3207,584.8449,13.05088119
468,2233,1947.7762,3484.5106,525.8936,0.1623,874.1998,1361.6028,584.1284,13.05556922
469,2234,1949.4392,3483.817,525.982,0.1559,873.9887,1361.9002,583.4262,13.06003815
470,2235,1951.0121,3483.3203,526.0642,0.1498,873.7916,1361.8191,582.7385,13.06431555
471,2236,1952.5138,3483.0325,526.1403,0.1439,873.6102,1361.8973,582.0651,13.06845955
472,2237,1953.9433,3482.886,526.2104,0.1383,873.4381,1361.4482,581.4054,13.07243981
473,2238,1955.2718,3482.8232,526.2745,0.1329,873.2695,1361.2668,580.759,13.0761579
474,2239,1956.4604,3482.8143,526.3326,0.1277,873.1017,1361.074,580.1254,13.07949508
475,2240,1957.4929,3482.8402,526.3849,0.1227,872.9324,1361.0304,579.5043,13.0824015
476,2241,1958.428,3482.7325,526.4314,0.1179,872.7444,1360.944,578.8948,13.08497239
477,2242,1959.1897,3482.3719,526.4721,0.1133,872.5246,1360.9119,578.2961,13.08695355
478,2243,1959.7707,3481.875,526.507,0.1089,872.2841,1360.8325,577.7084,13.08837191
479,2244,1960.2847,3481.3684,526.5364,0.1046,872.0351,1360.9598,577.1319,13.08958635
480,2245,1960.7288,3480.9554,526.5601,0.1005,871.7882,1361.3207,576.5669,13.09062959
481,2246,1961.0674,3480.7373,526.5782,0.0966,871.5539,1361.6028,576.0134,13.09144512
482,2247,1961.3194,3480.7257,526.5909,0.0929,871.3338,1361.9002,575.4713,13.09208802
483,2248,1961.4957,3480.853,526.5981,0.0893,871.1215,1361.8191,574.9402,13.09256397
484,2249,1961.5683,3481.0617,526.5999,0.0858,870.9115,1361.8973,574.4196,13.09277256
485,2250,1961.5774,3481.1807,526.5995,0.0841,870.8065,1361.4482,574.162,13.09280474
486,2251,1961.5774,3481.1807,526.5995,0.0841,870.8065,1361.2668,574.162,13.09280474
487,2252,1961.5774,3481.1807,526.5995,0.0841,870.8065,1361.074,574.162,13.09280474
488,2253,1961.5774,3481.1807,526.5995,0.0841,870.8065,1361.0304,574.162,13.09280474
489,2254,1961.5774,3481.1807,526.5995,0.0841,870.8065,1360.944,574.162,13.09280474
490,2255,1961.5774,3481.1807,526.5995,0.0841,870.8065,1360.9119,574.162,13.09280474
491,2256,1961.5774,3481.1807,526.5995,0.0841,870.8065,1360.8325,574.162,13.09280474
492,2257,1961.5774,3481.1807,526.5995,0.0841,870.8065,1360.9598,574.162,13.09280474
493,2258,1961.5774,3481.1807,526.5995,0.0841,870.8065,1361.3207,574.162,13.09280474
494,2259,1961.5774,3481.1807,526.5995,0.0841,870.8065,1361.6028,574.162,13.09280474
495,2260,1961.5774,3481.1807,526.5995,0.0841,870.8065,1361.9002,574.162,13.09280474
496,2261,1961.5774,3481.1807,526.5995,0.0841,870.8065,1361.8191,574.162,13.09280474
497,2262,1961.5774,3481.1807,526.5995,0.0841,870.8065,1361.8973,574.162,13.09280474
498,2263,1961.5774,3481.1807,526.5995,0.0841,870.8065,1361.4482,574.162,13.09280474
499,2264,1961.5774,3481.1807,526.5995,0.0841,870.8065,1361.2668,574.162,13.09280474
500,2265,1961.5774,3481.1807,526.5995,0.0841,870.8065,1361.074,574.162,13.09280474
501,2266,1961.5774,3481.1807,526.5995,0.0841,870.8065,1361.0304,574.162,13.09280474
502,2267,1961.5774,3481.1807,526.5995,0.0841,870.8065,1360.944,574.162,13.09280474
503,2268,1961.5774,3481.1807,526.5995,0.0841,870.8065,1360.9119,574.162,13.09280474
504,2269,1961.5774,3481.1807,526.5995,0.0841,870.8065,1360.8325,574.162,13.09280474
505,2270,1961.5774,3481.1807,526.5995,0.0841,870.8065,1360.9598,574.162,13.09280474
506,2271,1961.5774,3481.1807,526.5995,0.0841,870.8065,1361.3207,574.162,13.09280474
507,2272,1961.5774,3481.1807,526.5995,0.0841,870.8065,1361.6028,574.162,13.09280474
508,2273,1961.5774,3481.1807,526.5995,0.0841,870.8065,1361.9002,574.162,13.09280474
509,2274,1961.5774,3481.1807,526.5995,0.0841,870.8065,1361.8191,574.162,13.09280474
510,2275,1961.5774,3481.1807,526.5995,0.0841,870.8065,1361.8973,574.162,13.09280474
511,2276,1961.5774,3481.1807,526.5995,0.0841,870.8065,1361.4482,574.162,13.09280474
512,2277,1961.5774,3481.1807,526.5995,0.0841,870.8065,1361.2668,574.162,13.09280474
513,2278,1961.5774,3481.1807,526.5995,0.0841,870.8065,1361.074,574.162,13.09280474
514,2279,1961.5774,3481.1807,526.5995,0.0841,870.8065,1361.0304,574.162,13.09280474
515,2280,1961.5774,3481.1807,526.5995,0.0841,870.8065,1360.944,574.162,13.09280474
516,2281,1961.5774,3481.1807,526.5995,0.0841,870.8065,1360.9119,574.162,13.09280474
517,2282,1961.5774,3481.1807,526.5995,0.0841,870.8065,1360.8325,574.162,13.09280474
518,2283,1961.5774,3481.1807,526.5995,0.0841,870.8065,1360.9598,574.162,13.09280474
519,2284,1961.5774,3481.1807,526.5995,0.0841,870.8065,1361.3207,574.162,13.09280474
520,2285,1961.5774,3481.1807,526.5995,0.0841,870.8065,1361.6028,574.162,13.09280474
521,2286,1961.5774,3481.1807,526.5995,0.0841,870.8065,1361.9002,574.162,13.09280474
522,2287,1961.5774,3481.1807,526.5995,0.0841,870.8065,1361.8191,574.162,13.09280474
523,2288,1961.5774,3481.1807,526.5995,0.0841,870.8065,1361.8973,574.162,13.09280474
524,2289,1961.5774,3481.1807,526.5995,0.0841,870.8065,1361.4482,574.162,13.09280474
525,2290,1961.5774,3481.1807,526.5995,0.0841,870.8065,1361.2668,574.162,13.09280474
526,2291,1961.5774,3481.1807,526.5995,0.0841,870.8065,1361.074,574.162,13.09280474
527,2292,1961.5774,3481.1807,526.5995,0.0841,870.8065,1361.0304,574.162,13.09280474
528,2293,1961.5774,3481.1807,526.5995,0.0841,870.8065,1360.944,574.162,13.09280474
529,2294,1961.5774,3481.1807,526.5995,0.0841,870.8065,1360.9119,574.162,13.09280474
530,2295,1961.5774,3481.1807,526.5995,0.0841,870.8065,1360.8325,574.162,13.09280474
531,2296,1961.5774,3481.1807,526.5995,0.0841,870.8065,1360.9598,574.162,13.09280474
532,2297,1961.5774,3481.1807,526.5995,0.0841,870.8065,1361.3207,574.162,13.09280474
533,2298,1961.5774,3481.1807,526.5995,0.0841,870.8065,1361.6028,574.162,13.09280474
534,2299,1961.5774,3481.1807,526.5995,0.0841,870.8065,1361.9002,574.162,13.09280474
535,2300,1961.5774,3481.1807,526.5995,0.0841,870.8065,1361.8191,574.162,13.09280474
536,2301,1961.5774,3481.1807,526.5995,0.0841,870.8065,1361.8973,574.162,13.09280474
537,2302,1961.5774,3481.1807,526.5995,0.0841,870.8065,1361.4482,574.162,13.09280474
538,2303,1961.5774,3481.1807,526.5995,0.0841,870.8065,1361.2668,574.162,13.09280474
539,2304,1961.5774,3481.1807,526.5995,0.0841,870.8065,1361.074,574.162,13.09280474
540,2305,1961.5774,3481.1807,526.5995,0.0841,870.8065,1361.0304,574.162,13.09280474
541,2306,1961.5774,3481.1807,526.5995,0.0841,870.8065,1360.944,574.162,13.09280474
542,2307,1961.5774,3481.1807,526.5995,0.0841,870.8065,1360.9119,574.162,13.09280474
543,2308,1961.5774,3481.1807,526.5995,0.0841,870.8065,1360.8325,574.162,13.09280474
544,2309,1961.5774,3481.1807,526.5995,0.0841,870.8065,1360.9598,574.162,13.09280474
545,2310,1961.5774,3481.1807,526.5995,0.0841,870.8065,1361.3207,574.162,13.09280474
546,2311,1961.5774,3481.1807,526.5995,0.0841,870.8065,1361.6028,574.162,13.09280474
547,2312,1961.5774,3481.1807,526.5995,0.0841,870.8065,1361.9002,574.162,13.09280474
548,2313,1961.5774,3481.1807,526.5995,0.0841,870.8065,1361.8191,574.162,13.09280474
549,2314,1961.5774,3481.1807,526.5995,0.0841,870.8065,1361.8973,574.162,13.09280474
550,2315,1961.5774,3481.1807,526.5995,0.0841,870.8065,1361.4482,574.162,13.09280474
551,2316,1961.5774,3481.1807,526.5995,0.0841,870.8065,1361.2668,574.162,13.09280474
552,2317,1961.5774,3481.1807,526.5995,0.0841,870.8065,1361.074,574.162,13.09280474
553,2318,1961.5774,3481.1807,526.5995,0.0841,870.8065,1361.0304,574.162,13.09280474
554,2319,1961.5774,3481.1807,526.5995,0.0841,870.8065,1360.944,574.162,13.09280474
555,2320,1961.5774,3481.1807,526.5995,0.0841,870.8065,1360.9119,574.162,13.09280474
556,2321,1961.5774,3481.1807,526.5995,0.0841,870.8065,1360.8325,574.162,13.09280474
557,2322,1961.5774,3481.1807,526.5995,0.0841,870.8065,1360.9598,574.162,13.09280474
558,2323,1961.5774,3481.1807,526.5995,0.0841,870.8065,1361.3207,574.162,13.09280474
559,2324,1961.5774,3481.1807,526.5995,0.0841,870.8065,1361.6028,574.162,13.09280474
560,2325,1961.5774,3481.1807,526.5995,0.0841,870.8065,1361.9002,574.162,13.09280474
561,2326,1961.5774,3481.1807,526.5995,0.0841,870.8065,1361.8191,574.162,13.09280474
562,2327,1961.5774,3481.1807,526.5995,0.0841,870.8065,1361.8973,574.162,13.09280474
563,2328,1961.5774,3481.1807,526.5995,0.0841,870.8065,1361.4482,574.162,13.09280474
564,2329,1961.5774,3481.1807,526.5995,0.0841,870.8065,1361.2668,574.162,13.09280474
565,2330,1961.5774,3481.1807,526.5995,0.0841,870.8065,1361.074,574.162,13.09280474
566,2331,1961.5774,3481.1807,526.5995,0.0841,870.8065,1361.0304,574.162,13.09280474
567,2332,1961.5774,3481.1807,526.5995,0.0841,870.8065,1360.944,574.162,13.09280474
568,2333,1961.5774,3481.1807,526.5995,0.0841,870.8065,1360.9119,574.162,13.09280474
569,2334,1961.5774,3481.1807,526.5995,0.0841,870.8065,1360.8325,574.162,13.09280474
570,2335,1961.5774,3481.1807,526.5995,0.0841,870.8065,1360.9598,574.162,13.09280474
571,2336,1961.5774,3481.1807,526.5995,0.0841,870.8065,1361.3207,574.162,13.09280474
572,2337,1961.5774,3481.1807,526.5995,0.0841,870.8065,1361.6028,574.162,13.09280474
573,2338,1961.5774,3481.1807,526.5995,0.0841,870.8065,1361.9002,574.162,13.09280474
574,2339,1961.5774,3481.1807,526.5995,0.0841,870.8065,1361.8191,574.162,13.09280474
575,2340,1961.5774,3481.1807,526.5995,0.0841,870.8065,1361.8973,574.162,13.09280474
576,2341,1961.5774,3481.1807,526.5995,0.0841,870.8065,1361.4482,574.162,13.09280474
577,2342,1961.5774,3481.1807,526.5995,0.0841,870.8065,1361.2668,574.162,13.09280474
578,2343,1961.5774,3481.1807,526.5995,0.0841,870.8065,1361.074,574.162,13.09280474
579,2344,1961.5774,3481.1807,526.5995,0.0841,870.8065,1361.0304,574.162,13.09280474
580,2345,1961.5774,3481.1807,526.5995,0.0841,870.8065,1360.944,574.162,13.09280474
581,2346,1961.5774,3481.1807,526.5995,0.0841,870.8065,1360.9119,574.162,13.09280474
582,2347,1961.5774,3481.1807,526.5995,0.0841,870.8065,1360.8325,574.162,13.09280474
583,2348,1961.5774,3481.1807,526.5995,0.0841,870.8065,1360.9598,574.162,13.09280474
584,2349,1961.5774,3481.1807,526.5995,0.0841,870.8065,1361.3207,574.162,13.09280474
585,2350,1961.5774,3481.1807,526.5995,0.0841,870.8065,1361.6028,574.162,13.09280474
586,2351,1961.5774,3481.1807,526.5995,0.0841,870.8065,1361.9002,574.162,13.09280474
587,2352,1961.5774,3481.1807,526.5995,0.0841,870.8065,1361.8191,574.162,13.09280474
588,2353,1961.5774,3481.1807,526.5995,0.0841,870.8065,1361.8973,574.162,13.09280474
589,2354,1961.5774,3481.1807,526.5995,0.0841,870.8065,1361.4482,574.162,13.09280474
590,2355,1961.5774,3481.1807,526.5995,0.0841,870.8065,1361.2668,574.162,13.09280474
591,2356,1961.5774,3481.1807,526.5995,0.0841,870.8065,1361.074,574.162,13.09280474
592,2357,1961.5774,3481.1807,526.5995,0.0841,870.8065,1361.0304,574.162,13.09280474
593,2358,1961.5774,3481.1807,526.5995,0.0841,870.8065,1360.944,574.162,13.09280474
594,2359,1961.5774,3481.1807,526.5995,0.0841,870.8065,1360.9119,574.162,13.09280474
595,2360,1961.5774,3481.1807,526.5995,0.0841,870.8065,1360.8325,574.162,13.09280474
596,2361,1961.5774,3481.1807,526.5995,0.0841,870.8065,1360.9598,574.162,13.09280474
597,2362,1961.5774,3481.1807,526.5995,0.0841,870.8065,1361.3207,574.162,13.09280474
598,2363,1961.5774,3481.1807,526.5995,0.0841,870.8065,1361.6028,574.162,13.09280474
599,2364,1961.5774,3481.1807,526.5995,0.0841,870.8065,1361.9002,574.162,13.09280474
600,2365,1961.5774,3481.1807,526.5995,0.0841,870.8065,1361.8191,574.162,13.09280474
601,2366,1961.5774,3481.1807,526.5995,0.0841,870.8065,1361.8973,574.162,13.09280474
602,2367,1961.5774,3481.1807,526.5995,0.0841,870.8065,1361.4482,574.162,13.09280474
603,2368,1961.5774,3481.1807,526.5995,0.0841,870.8065,1361.2668,574.162,13.09280474
604,2369,1961.5774,3481.1807,526.5995,0.0841,870.8065,1361.074,574.162,13.09280474
605,2370,1961.5774,3481.1807,526.5995,0.0841,870.8065,1361.0304,574.162,13.09280474
606,2371,1961.5774,3481.1807,526.5995,0.0841,870.8065,1360.944,574.162,13.09280474
607,2372,1961.5774,3481.1807,526.5995,0.0841,870.8065,1360.9119,574.162,13.09280474
608,2373,1961.5774,3481.1807,526.5995,0.0841,870.8065,1360.8325,574.162,13.09280474
609,2374,1961.5774,3481.1807,526.5995,0.0841,870.8065,1360.9598,574.162,13.09280474
610,2375,1961.5774,3481.1807,526.5995,0.0841,870.8065,1361.3207,574.162,13.09280474
611,2376,1961.5774,3481.1807,526.5995,0.0841,870.8065,1361.6028,574.162,13.09280474
612,2377,1961.5774,3481.1807,526.5995,0.0841,870.8065,1361.9002,574.162,13.09280474
613,2378,1961.5774,3481.1807,526.5995,0.0841,870.8065,1361.8191,574.162,13.09280474
614,2379,1961.5774,3481.1807,526.5995,0.0841,870.8065,1361.8973,574.162,13.09280474
615,2380,1961.5774,3481.1807,526.5995,0.0841,870.8065,1361.4482,574.162,13.09280474
616,2381,1961.5774,3481.1807,526.5995,0.0841,870.8065,1361.2668,574.162,13.09280474
617,2382,1961.5774,3481.1807,526.5995,0.0841,870.8065,1361.074,574.162,13.09280474
618,2383,1961.5774,3481.1807,526.5995,0.0841,870.8065,1361.0304,574.162,13.09280474
619,2384,1961.5774,3481.1807,526.5995,0.0841,870.8065,1360.944,574.162,13.09280474
620,2385,1961.5774,3481.1807,526.5995,0.0841,870.8065,1360.9119,574.162,13.09280474
621,2386,1961.5774,3481.1807,526.5995,0.0841,870.8065,1360.8325,574.162,13.09280474
622,2387,1961.5774,3481.1807,526.5995,0.0841,870.8065,1360.9598,574.162,13.09280474
623,2388,1961.5774,3481.1807,526.5995,0.0841,870.8065,1361.3207,574.162,13.09280474
624,2389,1961.5774,3481.1807,526.5995,0.0841,870.8065,1361.6028,574.162,13.09280474
625,2390,1961.5774,3481.1807,526.5995,0.0841,870.8065,1361.9002,574.162,13.09280474
626,2391,1961.5774,3481.1807,526.5995,0.0841,870.8065,1361.8191,574.162,13.09280474
627,2392,1961.5774,3481.1807,526.5995,0.0841,870.8065,1361.8973,574.162,13.09280474
628,2393,1961.5774,3481.1807,526.5995,0.0841,870.8065,1361.4482,574.162,13.09280474
629,2394,1961.5774,3481.1807,526.5995,0.0841,870.8065,1361.2668,574.162,13.09280474
630,2395,1961.5774,3481.1807,526.5995,0.0841,870.8065,1361.074,574.162,13.09280474
631,2396,1961.5774,3481.1807,526.5995,0.0841,870.8065,1361.0304,574.162,13.09280474
632,2397,1961.5774,3481.1807,526.5995,0.0841,870.8065,1360.944,574.162,13.09280474
633,2398,1961.5774,3481.1807,526.5995,0.0841,870.8065,1360.9119,574.162,13.09280474
634,2399,1961.5774,3481.1807,526.5995,0.0841,870.8065,1360.8325,574.162,13.09280474
635,2400,1961.5774,3481.1807,526.5995,0.0841,870.8065,1360.9598,574.162,13.09280474
636,2401,1961.5774,3481.1807,526.5995,0.0841,870.8065,1361.3207,574.162,13.09280474
637,2402,1961.5774,3481.1807,526.5995,0.0841,870.8065,1361.6028,574.162,13.09280474
638,2403,1961.5774,3481.1807,526.5995,0.0841,870.8065,1361.9002,574.162,13.09280474
639,2404,1961.5774,3481.1807,526.5995,0.0841,870.8065,1361.8191,574.162,13.09280474
640,2405,1961.5774,3481.1807,526.5995,0.0841,870.8065,1361.8973,574.162,13.09280474
641,2406,1961.5774,3481.1807,526.5995,0.0841,870.8065,1361.4482,574.162,13.09280474
642,2407,1961.5774,3481.1807,526.5995,0.0841,870.8065,1361.2668,574.162,13.09280474
643,2408,1961.5774,3481.1807,526.5995,0.0841,870.8065,1361.074,574.162,13.09280474
644,2409,1961.5774,3481.1807,526.5995,0.0841,870.8065,1361.0304,574.162,13.09280474
645,2410,1961.5774,3481.1807,526.5995,0.0841,870.8065,1360.944,574.162,13.09280474
646,2411,1961.5774,3481.1807,526.5995,0.0841,870.8065,1360.9119,574.162,13.09280474
647,2412,1961.5774,3481.1807,526.5995,0.0841,870.8065,1360.8325,574.162,13.09280474
648,2413,1961.5774,3481.1807,526.5995,0.0841,870.8065,1360.9598,574.162,13.09280474
649,2414,1961.5774,3481.1807,526.5995,0.0841,870.8065,1361.3207,574.162,13.09280474
650,2415,1961.5774,3481.1807,526.5995,0.0841,870.8065,1361.6028,574.162,13.09280474
651,2416,1961.5774,3481.1807,526.5995,0.0841,870.8065,1361.9002,574.162,13.09280474
652,2417,1961.5774,3481.1807,526.5995,0.0841,870.8065,1361.8191,574.162,13.09280474
653,2418,1961.5774,3481.1807,526.5995,0.0841,870.8065,1361.8973,574.162,13.09280474
654,2419,1961.5774,3481.1807,526.5995,0.0841,870.8065,1361.4482,574.162,13.09280474
655,2420,1961.5774,3481.1807,526.5995,0.0841,870.8065,1361.2668,574.162,13.09280474
656,2421,1961.5774,3481.1807,526.5995,0.0841,870.8065,1361.074,574.162,13.09280474
657,2422,1961.5774,3481.1807,526.5995,0.0841,870.8065,1361.0304,574.162,13.09280474
658,2423,1961.5774,3481.1807,526.5995,0.0841,870.8065,1360.944,574.162,13.09280474
659,2424,1961.5774,3481.1807,526.5995,0.0841,870.8065,1360.9119,574.162,13.09280474
660,2425,1961.5774,3481.1807,526.5995,0.0841,870.8065,1360.8325,574.162,13.09280474
661,2426,1961.5774,3481.1807,526.5995,0.0841,870.8065,1360.9598,574.162,13.09280474
662,2427,1961.5774,3481.1807,526.5995,0.0841,870.8065,1361.3207,574.162,13.09280474
663,2428,1961.5774,3481.1807,526.5995,0.0841,870.8065,1361.6028,574.162,13.09280474
664,2429,1961.5774,3481.1807,526.5995,0.0841,870.8065,1361.9002,574.162,13.09280474
665,2430,1961.5774,3481.1807,526.5995,0.0841,870.8065,1361.8191,574.162,13.09280474
666,2431,1961.5774,3481.1807,526.5995,0.0841,870.8065,1361.8973,574.162,13.09280474
667,2432,1961.5774,3481.1807,526.5995,0.0841,870.8065,1361.4482,574.162,13.09280474
668,2433,1961.5774,3481.1807,526.5995,0.0841,870.8065,1361.2668,574.162,13.09280474
669,2434,1961.5774,3481.1807,526.5995,0.0841,870.8065,1361.074,574.162,13.09280474
670,2435,1961.5774,3481.1807,526.5995,0.0841,870.8065,1361.0304,574.162,13.09280474
671,2436,1961.5774,3481.1807,526.5995,0.0841,870.8065,1360.944,574.162,13.09280474
672,2437,1961.5774,3481.1807,526.5995,0.0841,870.8065,1360.9119,574.162,13.09280474
673,2438,1961.5774,3481.1807,526.5995,0.0841,870.8065,1360.8325,574.162,13.09280474
674,2439,1961.5774,3481.1807,526.5995,0.0841,870.8065,1360.9598,574.162,13.09280474
675,2440,1961.5774,3481.1807,526.5995,0.0841,870.8065,1361.3207,574.162,13.09280474
676,2441,1961.5774,3481.1807,526.5995,0.0841,870.8065,1361.6028,574.162,13.09280474
677,2442,1961.5774,3481.1807,526.5995,0.0841,870.8065,1361.9002,574.162,13.09280474
678,2443,1961.5774,3481.1807,526.5995,0.0841,870.8065,1361.8191,574.162,13.09280474
679,2444,1961.5774,3481.1807,526.5995,0.0841,870.8065,1361.8973,574.162,13.09280474
680,2445,1961.5774,3481.1807,526.5995,0.0841,870.8065,1361.4482,574.162,13.09280474
681,2446,1961.5774,3481.1807,526.5995,0.0841,870.8065,1361.2668,574.162,13.09280474
682,2447,1961.5774,3481.1807,526.5995,0.0841,870.8065,1361.074,574.162,13.09280474
683,2448,1961.5774,3481.1807,526.5995,0.0841,870.8065,1361.0304,574.162,13.09280474
684,2449,1961.5774,3481.1807,526.5995,0.0841,870.8065,1360.944,574.162,13.09280474
685,2450,1961.5774,3481.1807,526.5995,0.0841,870.8065,1360.9119,574.162,13.09280474
686,2451,1961.5774,3481.1807,526.5995,0.0841,870.8065,1360.8325,574.162,13.09280474
687,2452,1961.5774,3481.1807,526.5995,0.0841,870.8065,1360.9598,574.162,13.09280474
688,2453,1961.5774,3481.1807,526.5995,0.0841,870.8065,1361.3207,574.162,13.09280474
689,2454,1961.5774,3481.1807,526.5995,0.0841,870.8065,1361.6028,574.162,13.09280474
690,2455,1961.5774,3481.1807,526.5995,0.0841,870.8065,1361.9002,574.162,13.09280474
691,2456,1961.5774,3481.1807,526.5995,0.0841,870.8065,1361.8191,574.162,13.09280474
692,2457,1961.5774,3481.1807,526.5995,0.0841,870.8065,1361.8973,574.162,13.09280474
693,2458,1961.5774,3481.1807,526.5995,0.0841,870.8065,1361.4482,574.162,13.09280474
694,2459,1961.5774,3481.1807,526.5995,0.0841,870.8065,1361.2668,574.162,13.09280474
695,2460,1961.5774,3481.1807,526.5995,0.0841,870.8065,1361.074,574.162,13.09280474
696,2461,1961.5774,3481.1807,526.5995,0.0841,870.8065,1361.0304,574.162,13.09280474
697,2462,1961.5774,3481.1807,526.5995,0.0841,870.8065,1360.944,574.162,13.09280474
698,2463,1961.5774,3481.1807,526.5995,0.0841,870.8065,1360.9119,574.162,13.09280474
699,2464,1961.5774,3481.1807,526.5995,0.0841,870.8065,1360.8325,574.162,13.09280474
700,2465,1961.5774,3481.1807,526.5995,0.0841,870.8065,1360.9598,574.162,13.09280474
701,2466,1961.5774,3481.1807,526.5995,0.0841,870.8065,1361.3207,574.162,13.09280474
702,2467,1961.5774,3481.1807,526.5995,0.0841,870.8065,1361.6028,574.162,13.09280474
703,2468,1961.5774,3481.1807,526.5995,0.0841,870.8065,1361.9002,574.162,13.09280474
704,2469,1961.5774,3481.1807,526.5995,0.0841,870.8065,1361.8191,574.162,13.09280474
705,2470,1961.5774,3481.1807,526.5995,0.0841,870.8065,1361.8973,574.162,13.09280474
706,2471,1961.5774,3481.1807,526.5995,0.0841,870.8065,1361.4482,574.162,13.09280474
707,2472,1961.5774,3481.1807,526.5995,0.0841,870.8065,1361.2668,574.162,13.09280474
708,2473,1961.5774,3481.1807,526.5995,0.0841,870.8065,1361.074,574.162,13.09280474
709,2474,1961.5774,3481.1807,526.5995,0.0841,870.8065,1361.0304,574.162,13.09280474
710,2475,1961.5774,3481.1807,526.5995,0.0841,870.8065,1360.944,574.162,13.09280474
711,2476,1961.5774,3481.1807,526.5995,0.0841,870.8065,1360.9119,574.162,13.09280474
712,2477,1961.5774,3481.1807,526.5995,0.0841,870.8065,1360.8325,574.162,13.09280474
713,2478,1961.5774,3481.1807,526.5995,0.0841,870.8065,1360.9598,574.162,13.09280474
714,2479,1961.5774,3481.1807,526.5995,0.0841,870.8065,1361.3207,574.162,13.09280474
715,2480,1961.5774,3481.1807,526.5995,0.0841,870.8065,1361.6028,574.162,13.09280474
716,2481,1961.5774,3481.1807,526.5995,0.0841,870.8065,1361.9002,574.162,13.09280474
717,2482,1961.5774,3481.1807,526.5995,0.0841,870.8065,1361.8191,574.162,13.09280474
718,2483,1961.5774,3481.1807,526.5995,0.0841,870.8065,1361.8973,574.162,13.09280474
719,2484,1961.5774,3481.1807,526.5995,0.0841,870.8065,1361.4482,574.162,13.09280474
720,2485,1961.5774,3481.1807,526.5995,0.0841,870.8065,1361.2668,574.162,13.09280474
721,2486,1961.5774,3481.1807,526.5995,0.0841,870.8065,1361.074,574.162,13.09280474
722,2487,1961.5774,3481.1807,526.5995,0.0841,870.8065,1361.0304,574.162,13.09280474
723,2488,1961.5774,3481.1807,526.5995,0.0841,870.8065,1360.944,574.162,13.09280474
724,2489,1961.5774,3481.1807,526.5995,0.0841,870.8065,1360.9119,574.162,13.09280474
725,2490,1961.5774,3481.1807,526.5995,0.0841,870.8065,1360.8325,574.162,13.09280474
726,2491,1961.5774,3481.1807,526.5995,0.0841,870.8065,1360.9598,574.162,13.09280474
727,2492,1961.5774,3481.1807,526.5995,0.0841,870.8065,1361.3207,574.162,13.09280474
728,2493,1961.5774,3481.1807,526.5995,0.0841,870.8065,1361.6028,574.162,13.09280474
729,2494,1961.5774,3481.1807,526.5995,0.0841,870.8065,1361.9002,574.162,13.09280474
730,2495,1961.5774,3481.1807,526.5995,0.0841,870.8065,1361.8191,574.162,13.09280474
731,2496,1961.5774,3481.1807,526.5995,0.0841,870.8065,1361.8973,574.162,13.09280474
732,2497,1961.5774,3481.1807,526.5995,0.0841,870.8065,1361.4482,574.162,13.09280474
733,2498,1961.5774,3481.1807,526.5995,0.0841,870.8065,1361.2668,574.162,13.09280474
734,2499,1961.5774,3481.1807,526.5995,0.0841,870.8065,1361.074,574.162,13.09280474
735,2500,1961.5774,3481.1807,526.5995,0.0841,870.8065,1361.0304,574.162,13.09280474
